Base Material,Type,Secondary Material,OTR (cm3/m2day),WVTR (g/m2day)
fish gelatin,individual,,4.028,2731.4
fish gelatin,nanocomposite,montmorillonite,1.144,709.113
fish gelatin,nanocomposite,montmorillonite,1.144,980.502
fish gelatin,nanocomposite,montmorillonite,1.144,1199.36
fish gelatin,nanocomposite,montmorillonite,1.144,1365.7
fish gelatin,nanocomposite,montmorillonite,1.144,1085.56
fish gelatin,nanocomposite,montmorillonite,1.144,1076.8
fish gelatin,nanocomposite,montmorillonite,1.144,1146.84
fish gelatin,nanocomposite,montmorillonite,1.144,1208.12
fish gelatin,nanocomposite,montmorillonite,1.964,709.113
fish gelatin,nanocomposite,montmorillonite,1.964,980.502
fish gelatin,nanocomposite,montmorillonite,1.964,1199.36
fish gelatin,nanocomposite,montmorillonite,1.964,1365.7
fish gelatin,nanocomposite,montmorillonite,1.964,1085.56
fish gelatin,nanocomposite,montmorillonite,1.964,1076.8
fish gelatin,nanocomposite,montmorillonite,1.964,1146.84
fish gelatin,nanocomposite,montmorillonite,1.964,1208.12
fish gelatin,nanocomposite,montmorillonite,1.713,709.113
fish gelatin,nanocomposite,montmorillonite,1.713,980.502
fish gelatin,nanocomposite,montmorillonite,1.713,1199.36
fish gelatin,nanocomposite,montmorillonite,1.713,1365.7
fish gelatin,nanocomposite,montmorillonite,1.713,1085.56
fish gelatin,nanocomposite,montmorillonite,1.713,1076.8
fish gelatin,nanocomposite,montmorillonite,1.713,1146.84
fish gelatin,nanocomposite,montmorillonite,1.713,1208.12
fish gelatin,nanocomposite,montmorillonite,2.142,709.113
fish gelatin,nanocomposite,montmorillonite,2.142,980.502
fish gelatin,nanocomposite,montmorillonite,2.142,1199.36
fish gelatin,nanocomposite,montmorillonite,2.142,1365.7
fish gelatin,nanocomposite,montmorillonite,2.142,1085.56
fish gelatin,nanocomposite,montmorillonite,2.142,1076.8
fish gelatin,nanocomposite,montmorillonite,2.142,1146.84
fish gelatin,nanocomposite,montmorillonite,2.142,1208.12
fish gelatin,nanocomposite,montmorillonite,1.899,709.113
fish gelatin,nanocomposite,montmorillonite,1.899,980.502
fish gelatin,nanocomposite,montmorillonite,1.899,1199.36
fish gelatin,nanocomposite,montmorillonite,1.899,1365.7
fish gelatin,nanocomposite,montmorillonite,1.899,1085.56
fish gelatin,nanocomposite,montmorillonite,1.899,1076.8
fish gelatin,nanocomposite,montmorillonite,1.899,1146.84
fish gelatin,nanocomposite,montmorillonite,1.899,1208.12
fish gelatin,nanocomposite,montmorillonite,2.48,709.113
fish gelatin,nanocomposite,montmorillonite,2.48,980.502
fish gelatin,nanocomposite,montmorillonite,2.48,1199.36
fish gelatin,nanocomposite,montmorillonite,2.48,1365.7
fish gelatin,nanocomposite,montmorillonite,2.48,1085.56
fish gelatin,nanocomposite,montmorillonite,2.48,1076.8
fish gelatin,nanocomposite,montmorillonite,2.48,1146.84
fish gelatin,nanocomposite,montmorillonite,2.48,1208.12
fish gelatin,nanocomposite,montmorillonite,2.073,709.113
fish gelatin,nanocomposite,montmorillonite,2.073,980.502
fish gelatin,nanocomposite,montmorillonite,2.073,1199.36
fish gelatin,nanocomposite,montmorillonite,2.073,1365.7
fish gelatin,nanocomposite,montmorillonite,2.073,1085.56
fish gelatin,nanocomposite,montmorillonite,2.073,1076.8
fish gelatin,nanocomposite,montmorillonite,2.073,1146.84
fish gelatin,nanocomposite,montmorillonite,2.073,1208.12
LDPE,individual,,18948.2,114.438
LDPE,individual,,18948.2,76.164
HDPE,individual,,4326.46,19.26
polylactic acid,individual,,711.302,2203.93
polylactic acid,individual,,711.302,1904.1
polylactic acid,individual,,711.302,4463.44
polylactic acid,individual,,10681.6,2203.93
polylactic acid,individual,,10681.6,1904.1
polylactic acid,individual,,10681.6,4463.44
polylactic acid,individual,,171.238,2203.93
polylactic acid,individual,,171.238,1904.1
polylactic acid,individual,,171.238,4463.44
carrot puree,blend,CMC,17.745,580509.57
carrot puree,blend,CMC,17.745,427743.89
carrot puree,blend,CMC,17.745,248977.41
carrot puree,blend,CMC,17.745,202053.4
carrot puree,blend,CMC,17.745,185770.07
carrot puree,blend,CMC,17.745,154166.39
carrot puree,blend,CMC,17.745,286446.59
carrot puree,blend,CMC,17.745,276028.75
carrot puree,blend,CMC,17.745,235407.97
carrot puree,blend,CMC,17.745,213784.4
carrot puree,blend,CMC,17.745,200127.41
carrot puree,blend,CMC,17.745,190935.21
carrot puree,blend,CMC,15.828,580509.57
carrot puree,blend,CMC,15.828,427743.89
carrot puree,blend,CMC,15.828,248977.41
carrot puree,blend,CMC,15.828,202053.4
carrot puree,blend,CMC,15.828,185770.07
carrot puree,blend,CMC,15.828,154166.39
carrot puree,blend,CMC,15.828,286446.59
carrot puree,blend,CMC,15.828,276028.75
carrot puree,blend,CMC,15.828,235407.97
carrot puree,blend,CMC,15.828,213784.4
carrot puree,blend,CMC,15.828,200127.41
carrot puree,blend,CMC,15.828,190935.21
carrot puree,blend,CMC,13.009,580509.57
carrot puree,blend,CMC,13.009,427743.89
carrot puree,blend,CMC,13.009,248977.41
carrot puree,blend,CMC,13.009,202053.4
carrot puree,blend,CMC,13.009,185770.07
carrot puree,blend,CMC,13.009,154166.39
carrot puree,blend,CMC,13.009,286446.59
carrot puree,blend,CMC,13.009,276028.75
carrot puree,blend,CMC,13.009,235407.97
carrot puree,blend,CMC,13.009,213784.4
carrot puree,blend,CMC,13.009,200127.41
carrot puree,blend,CMC,13.009,190935.21
carrot puree,blend,CMC,12.037,580509.57
carrot puree,blend,CMC,12.037,427743.89
carrot puree,blend,CMC,12.037,248977.41
carrot puree,blend,CMC,12.037,202053.4
carrot puree,blend,CMC,12.037,185770.07
carrot puree,blend,CMC,12.037,154166.39
carrot puree,blend,CMC,12.037,286446.59
carrot puree,blend,CMC,12.037,276028.75
carrot puree,blend,CMC,12.037,235407.97
carrot puree,blend,CMC,12.037,213784.4
carrot puree,blend,CMC,12.037,200127.41
carrot puree,blend,CMC,12.037,190935.21
carrot puree,blend,CMC,11.442,580509.57
carrot puree,blend,CMC,11.442,427743.89
carrot puree,blend,CMC,11.442,248977.41
carrot puree,blend,CMC,11.442,202053.4
carrot puree,blend,CMC,11.442,185770.07
carrot puree,blend,CMC,11.442,154166.39
carrot puree,blend,CMC,11.442,286446.59
carrot puree,blend,CMC,11.442,276028.75
carrot puree,blend,CMC,11.442,235407.97
carrot puree,blend,CMC,11.442,213784.4
carrot puree,blend,CMC,11.442,200127.41
carrot puree,blend,CMC,11.442,190935.21
carrot puree,blend,CMC,11.004,580509.57
carrot puree,blend,CMC,11.004,427743.89
carrot puree,blend,CMC,11.004,248977.41
carrot puree,blend,CMC,11.004,202053.4
carrot puree,blend,CMC,11.004,185770.07
carrot puree,blend,CMC,11.004,154166.39
carrot puree,blend,CMC,11.004,286446.59
carrot puree,blend,CMC,11.004,276028.75
carrot puree,blend,CMC,11.004,235407.97
carrot puree,blend,CMC,11.004,213784.4
carrot puree,blend,CMC,11.004,200127.41
carrot puree,blend,CMC,11.004,190935.21
carrot puree,blend,CMC,11.897,580509.57
carrot puree,blend,CMC,11.897,427743.89
carrot puree,blend,CMC,11.897,248977.41
carrot puree,blend,CMC,11.897,202053.4
carrot puree,blend,CMC,11.897,185770.07
carrot puree,blend,CMC,11.897,154166.39
carrot puree,blend,CMC,11.897,286446.59
carrot puree,blend,CMC,11.897,276028.75
carrot puree,blend,CMC,11.897,235407.97
carrot puree,blend,CMC,11.897,213784.4
carrot puree,blend,CMC,11.897,200127.41
carrot puree,blend,CMC,11.897,190935.21
carrot puree,blend,CMC,12.02,580509.57
carrot puree,blend,CMC,12.02,427743.89
carrot puree,blend,CMC,12.02,248977.41
carrot puree,blend,CMC,12.02,202053.4
carrot puree,blend,CMC,12.02,185770.07
carrot puree,blend,CMC,12.02,154166.39
carrot puree,blend,CMC,12.02,286446.59
carrot puree,blend,CMC,12.02,276028.75
carrot puree,blend,CMC,12.02,235407.97
carrot puree,blend,CMC,12.02,213784.4
carrot puree,blend,CMC,12.02,200127.41
carrot puree,blend,CMC,12.02,190935.21
carrot puree,blend,CMC,12.046,580509.57
carrot puree,blend,CMC,12.046,427743.89
carrot puree,blend,CMC,12.046,248977.41
carrot puree,blend,CMC,12.046,202053.4
carrot puree,blend,CMC,12.046,185770.07
carrot puree,blend,CMC,12.046,154166.39
carrot puree,blend,CMC,12.046,286446.59
carrot puree,blend,CMC,12.046,276028.75
carrot puree,blend,CMC,12.046,235407.97
carrot puree,blend,CMC,12.046,213784.4
carrot puree,blend,CMC,12.046,200127.41
carrot puree,blend,CMC,12.046,190935.21
carrot puree,blend,CMC,12.239,580509.57
carrot puree,blend,CMC,12.239,427743.89
carrot puree,blend,CMC,12.239,248977.41
carrot puree,blend,CMC,12.239,202053.4
carrot puree,blend,CMC,12.239,185770.07
carrot puree,blend,CMC,12.239,154166.39
carrot puree,blend,CMC,12.239,286446.59
carrot puree,blend,CMC,12.239,276028.75
carrot puree,blend,CMC,12.239,235407.97
carrot puree,blend,CMC,12.239,213784.4
carrot puree,blend,CMC,12.239,200127.41
carrot puree,blend,CMC,12.239,190935.21
carrot puree,blend,CMC,12.475,580509.57
carrot puree,blend,CMC,12.475,427743.89
carrot puree,blend,CMC,12.475,248977.41
carrot puree,blend,CMC,12.475,202053.4
carrot puree,blend,CMC,12.475,185770.07
carrot puree,blend,CMC,12.475,154166.39
carrot puree,blend,CMC,12.475,286446.59
carrot puree,blend,CMC,12.475,276028.75
carrot puree,blend,CMC,12.475,235407.97
carrot puree,blend,CMC,12.475,213784.4
carrot puree,blend,CMC,12.475,200127.41
carrot puree,blend,CMC,12.475,190935.21
carrot puree,blend,CMC,12.72,580509.57
carrot puree,blend,CMC,12.72,427743.89
carrot puree,blend,CMC,12.72,248977.41
carrot puree,blend,CMC,12.72,202053.4
carrot puree,blend,CMC,12.72,185770.07
carrot puree,blend,CMC,12.72,154166.39
carrot puree,blend,CMC,12.72,286446.59
carrot puree,blend,CMC,12.72,276028.75
carrot puree,blend,CMC,12.72,235407.97
carrot puree,blend,CMC,12.72,213784.4
carrot puree,blend,CMC,12.72,200127.41
carrot puree,blend,CMC,12.72,190935.21
carrot puree,blend,gelatin,12.09,251428.67
carrot puree,blend,gelatin,12.09,211333.15
carrot puree,blend,gelatin,12.09,188746.59
carrot puree,blend,gelatin,12.09,237333.95
carrot puree,blend,gelatin,12.09,303692.91
carrot puree,blend,gelatin,12.09,335121.49
carrot puree,blend,gelatin,11.355,251428.67
carrot puree,blend,gelatin,11.355,211333.15
carrot puree,blend,gelatin,11.355,188746.59
carrot puree,blend,gelatin,11.355,237333.95
carrot puree,blend,gelatin,11.355,303692.91
carrot puree,blend,gelatin,11.355,335121.49
carrot puree,blend,gelatin,12.23,251428.67
carrot puree,blend,gelatin,12.23,211333.15
carrot puree,blend,gelatin,12.23,188746.59
carrot puree,blend,gelatin,12.23,237333.95
carrot puree,blend,gelatin,12.23,303692.91
carrot puree,blend,gelatin,12.23,335121.49
carrot puree,blend,gelatin,11.713,251428.67
carrot puree,blend,gelatin,11.713,211333.15
carrot puree,blend,gelatin,11.713,188746.59
carrot puree,blend,gelatin,11.713,237333.95
carrot puree,blend,gelatin,11.713,303692.91
carrot puree,blend,gelatin,11.713,335121.49
carrot puree,blend,gelatin,12.957,251428.67
carrot puree,blend,gelatin,12.957,211333.15
carrot puree,blend,gelatin,12.957,188746.59
carrot puree,blend,gelatin,12.957,237333.95
carrot puree,blend,gelatin,12.957,303692.91
carrot puree,blend,gelatin,12.957,335121.49
carrot puree,blend,gelatin,12.755,251428.67
carrot puree,blend,gelatin,12.755,211333.15
carrot puree,blend,gelatin,12.755,188746.59
carrot puree,blend,gelatin,12.755,237333.95
carrot puree,blend,gelatin,12.755,303692.91
carrot puree,blend,gelatin,12.755,335121.49
